show_id,person_id
s0003,33444
s0006,33444
s0006,33444
s0006,33444
s0007,33444
s0007,33444
s0010,33444
s0010,33444
s0013,33444
s0014,33444
s0014,33444
s0014,33444
s0016,33444
s0018,33444
s0019,33444
s0020,33444
s0024,33444
s0025,33444
s0029,33444
s0030,33444
s0030,33444
s0032,33444
s0034,33444
s0034,33444
s0035,33444
s0035,33444
s0037,33444
s0037,33444
s0037,33444
s0038,33444
s0041,33444
s0041,33444
s0042,33444
s0043,33444
s0044,33444
s0044,33444
s0044,33444
s0044,33444
s0045,33444
s0045,33444
s0045,33444
s0047,33444
s0048,33444
s0050,33444
s0065,33444
s0068,33444
s0068,33444
s0072,33444
s0074,33444
s0074,33444
s0083,33444
s0083,33444
s0086,33444
s0087,33444
s0090,33444
s0093,33444
s0093,33444
s0094,33444
s0095,33444
s0095,33444
s0097,33444
s0098,33444
s0100,33444
s0104,33444
s0107,33444
s0107,33444
s0110,33444
s0112,33444
s0112,33444
s0113,33444
s0115,33444
s0117,33444
s0120,33444
s0120,33444
s0122,33444
s0122,33444
s0122,33444
s0123,33444
s0123,33444
s0126,33444
s0128,33444
s0130,33444
s0130,33444
s0130,33444
s0130,33444
s0130,33444
s0133,33444
s0133,33444
s0133,33444
s0134,33444
s0136,33444
s0136,33444
s0136,33444
s0137,33444
s0138,33444
s0139,33444
s0140,33444
s0140,33444
s0140,33444
s0141,33444
s0141,33444
s0142,33444
s0143,33444
s0144,33444
s0145,33444
s0145,33444
s0146,33444
s0146,33444
s0146,33444
s0147,33444
s0150,33444
s0151,33444
s0151,33444
s0151,33444
s0151,33444
s0153,33444
s0154,33444
s0157,33444
s0157,33444
s0157,33444
s0162,33444
s0165,33444
s0165,33444
s0166,33444
s0169,33444
s0170,33444
s0171,33444
s0171,33444
s0173,33444
s0176,33444
s0177,33444
s0177,33444
s0177,33444
s0177,33444
s0179,33444
s0180,33444
s0181,33444
s0183,33444
s0183,33444
s0187,33444
s0187,33444
s0190,33444
s0192,33444
s0197,33444
s0197,33444
s0198,33444
s0199,33444
s0199,33444
s0199,33444
s0199,33444
s0199,33444
s0202,33444
s0212,33444
s0215,33444
s0221,33444
s0223,33444
s0223,33444
s0223,33444
s0226,33444
s0228,33444
s0229,33444
s0229,33444
s0230,33444
s0232,33444
s0241,33444
s0242,33444
s0244,33444
s0244,33444
s0247,33444
s0247,33444
s0248,33444
s0250,33444
s0250,33444
s0252,33444
s0253,33444
s0253,33444
s0255,33444
s0257,33444
s0258,33444
s0258,33444
s0259,33444
s0260,33444
s0260,33444
s0261,33444
s0261,33444
s0262,33444
s0262,33444
s0265,33444
s0268,33444
s0269,33444
s0269,33444
s0270,33444
s0270,33444
s0270,33444
s0271,33444
s0272,33444
s0272,33444
s0273,33444
s0275,33444
s0276,33444
s0277,33444
s0279,33444
s0280,33444
s0282,33444
s0283,33444
s0283,33444
s0287,33444
s0287,33444
s0287,33444
s0290,33444
s0290,33444
s0294,33444
s0294,33444
s0296,33444
s0297,33444
s0297,33444
s0297,33444
s0301,33444
s0302,33444
s0304,33444
s0306,33444
s0308,33444
s0312,33444
s0312,33444
s0312,33444
s0312,33444
s0315,33444
s0317,33444
s0317,33444
s0320,33444
s0322,33444
s0322,33444
s0322,33444
s0322,33444
s0324,33444
s0324,33444
s0325,33444
s0326,33444
s0328,33444
s0330,33444
s0333,33444
s0333,33444
s0333,33444
s0334,33444
s0335,33444
s0336,33444
s0336,33444
s0336,33444
s0337,33444
s0337,33444
s0338,33444
s0338,33444
s0340,33444
s0341,33444
s0341,33444
s0341,33444
s0342,33444
s0344,33444
s0345,33444
s0346,33444
s0346,33444
s0346,33444
s0348,33444
s0350,33444
s0351,33444
s0351,33444
s0352,33444
s0353,33444
s0354,33444
s0354,33444
s0356,33444
s0356,33444
s0358,33444
s0358,33444
s0358,33444
s0359,33444
s0360,33444
s0361,33444
s0361,33444
s0361,33444
s0361,33444
s0363,33444
s0363,33444
s0364,33444
s0364,33444
s0374,33444
s0376,33444
s0377,33444
s0381,33444
s0381,33444
s0382,33444
s0382,33444
s0383,33444
s0383,33444
s0384,33444
s0386,33444
s0386,33444
s0386,33444
s0387,33444
s0387,33444
s0387,33444
s0389,33444
s0391,33444
s0391,33444
s0391,33444
s0392,33444
s0393,33444
s0393,33444
s0393,33444
s0393,33444
s0394,33444
s0395,33444
s0400,33444
s0400,33444
s0400,33444
s0400,33444
s0401,33444
s0401,33444
s0402,33444
s0402,33444
s0402,33444
s0403,33444
s0419,33444
s0426,33444
s0428,33444
s0432,33444
s0433,33444
s0433,33444
s0433,33444
s0433,33444
s0433,33444
s0436,33444
s0436,33444
s0436,33444
s0438,33444
s0438,33444
s0438,33444
s0440,33444
s0444,33444
s0444,33444
s0444,33444
s0446,33444
s0447,33444
s0448,33444
s0448,33444
s0449,33444
s0449,33444
s0450,33444
s0450,33444
s0451,33444
s0451,33444
s0451,33444
s0452,33444
s0452,33444
s0453,33444
s0453,33444
s0457,33444
s0459,33444
s0460,33444
s0460,33444
s0460,33444
s0460,33444
s0461,33444
s0464,33444
s0465,33444
s0469,33444
s0469,33444
s0469,33444
s0470,33444
s0471,33444
s0473,33444
s0475,33444
s0475,33444
s0476,33444
s0477,33444
s0478,33444
s0478,33444
s0479,33444
s0481,33444
s0482,33444
s0482,33444
s0482,33444
s0485,33444
s0488,33444
s0488,33444
s0489,33444
s0489,33444
s0492,33444
s0492,33444
s0495,33444
s0495,33444
s0499,33444
s0501,33444
s0505,33444
s0505,33444
s0505,33444
s0505,33444
s0506,33444
s0507,33444
s0507,33444
s0508,33444
s0509,33444
s0513,33444
s0513,33444
s0513,33444
s0515,33444
s0516,33444
s0516,33444
s0516,33444
s0516,33444
s0517,33444
s0517,33444
s0522,33444
s0522,33444
s0524,33444
s0524,33444
s0524,33444
s0524,33444
s0526,33444
s0527,33444
s0527,33444
s0527,33444
s0527,33444
s0527,33444
s0527,33444
s0527,33444
s0531,33444
s0539,33444
s0539,33444
s0540,33444
s0543,33444
s0544,33444
s0546,33444
s0547,33444
s0548,33444
s0548,33444
s0548,33444
s0548,33444
s0549,33444
s0553,33444
s0554,33444
s0554,33444
s0556,33444
s0557,33444
s0557,33444
s0558,33444
s0559,33444
s0559,33444
s0559,33444
s0560,33444
s0564,33444
s0565,33444
s0567,33444
s0567,33444
s0567,33444
s0567,33444
s0567,33444
s0567,33444
s0567,33444
s0568,33444
s0568,33444
s0569,33444
s0569,33444
s0570,33444
s0570,33444
s0571,33444
s0571,33444
s0571,33444
s0571,33444
s0573,33444
s0574,33444
s0574,33444
s0575,33444
s0575,33444
s0576,33444
s0577,33444
s0577,33444
s0578,33444
s0579,33444
s0582,33444
s0582,33444
s0583,33444
s0583,33444
s0584,33444
s0584,33444
s0585,33444
s0585,33444
s0585,33444
s0585,33444
s0587,33444
s0587,33444
s0592,33444
s0593,33444
s0595,33444
s0596,33444
s0596,33444
s0596,33444
s0597,33444
s0598,33444
s0598,33444
s0599,33444
s0600,33444
s0604,33444
s0605,33444
s0605,33444
s0605,33444
s0606,33444
s0608,33444
s0608,33444
s0608,33444
s0609,33444
s0611,33444
s0613,33444
s0615,33444
s0616,33444
s0616,33444
s0616,33444
s0620,33444
s0620,33444
s0620,33444
s0622,33444
s0626,33444
s0626,33444
s0628,33444
s0631,33444
s0631,33444
s0636,33444
s0637,33444
s0637,33444
s0638,33444
s0643,33444
s0644,33444
s0647,33444
s0647,33444
s0647,33444
s0648,33444
s0651,33444
s0655,33444
s0655,33444
s0656,33444
s0656,33444
s0659,33444
s0662,33444
s0662,33444
s0662,33444
s0663,33444
s0664,33444
s0664,33444
s0664,33444
s0666,33444
s0666,33444
s0668,33444
s0668,33444
s0670,33444
s0677,33444
s0677,33444
s0677,33444
s0677,33444
s0677,33444
s0678,33444
s0678,33444
s0678,33444
s0680,33444
s0680,33444
s0682,33444
s0682,33444
s0682,33444
s0685,33444
s0686,33444
s0688,33444
s0693,33444
s0693,33444
s0693,33444
s0696,33444
s0697,33444
s0703,33444
s0705,33444
s0707,33444
s0709,33444
s0710,33444
s0710,33444
s0710,33444
s0712,33444
s0717,33444
s0718,33444
s0719,33444
s0721,33444
s0722,33444
s0722,33444
s0722,33444
s0727,33444
s0729,33444
s0730,33444
s0731,33444
s0732,33444
s0732,33444
s0732,33444
s0732,33444
s0732,33444
s0732,33444
s0732,33444
s0735,33444
s0735,33444
s0738,33444
s0738,33444
s0740,33444
s0740,33444
s0742,33444
s0743,33444
s0743,33444
s0747,33444
s0747,33444
s0748,33444
s0751,33444
s0753,33444
s0759,33444
s0759,33444
s0759,33444
s0764,33444
s0766,33444
s0766,33444
s0769,33444
s0773,33444
s0773,33444
s0777,33444
s0778,33444
s0778,33444
s0783,33444
s0783,33444
s0788,33444
s0789,33444
s0790,33444
s0790,33444
s0790,33444
s0790,33444
s0790,33444
s0792,33444
s0792,33444
s0792,33444
s0793,33444
s0798,33444
s0798,33444
s0799,33444
s0799,33444
s0799,33444
s0799,33444
s0799,33444
s0800,33444
s0800,33444
s0801,33444
s0801,33444
s0806,33444
s0806,33444
s0809,33444
s0810,33444
s0811,33444
s0811,33444
s0811,33444
s0812,33444
s0814,33444
s0815,33444
s0816,33444
s0816,33444
s0816,33444
s0818,33444
s0819,33444
s0819,33444
s0819,33444
s0820,33444
s0821,33444
s0824,33444
s0825,33444
s0829,33444
s0829,33444
s0830,33444
s0831,33444
s0831,33444
s0831,33444
s0833,33444
s0834,33444
s0834,33444
s0834,33444
s0834,33444
s0834,33444
s0836,33444
s0837,33444
s0838,33444
s0842,33444
s0846,33444
s0846,33444
s0846,33444
s0847,33444
s0847,33444
s0848,33444
s0848,33444
s0848,33444
s0849,33444
s0851,33444
s0857,33444
s0858,33444
s0860,33444
s0867,33444
s0867,33444
s0869,33444
s0869,33444
s0869,33444
s0870,33444
s0870,33444
s0870,33444
s0870,33444
s0873,33444
s0876,33444
s0876,33444
s0879,33444
s0882,33444
s0883,33444
s0884,33444
s0884,33444
s0884,33444
s0885,33444
s0885,33444
s0886,33444
s0886,33444
s0887,33444
s0888,33444
s0888,33444
s0888,33444
s0889,33444
s0890,33444
s0894,33444
s0896,33444
s0897,33444
s0898,33444
s0898,33444
s0902,33444
s0903,33444
s0903,33444
s0906,33444
s0909,33444
s0909,33444
s0910,33444
s0913,33444
s0916,33444
s0916,33444
s0916,33444
s0917,33444
s0921,33444
s0923,33444
s0924,33444
s0924,33444
s0925,33444
s0925,33444
s0927,33444
s0927,33444
s0929,33444
s0930,33444
s0931,33444
s0932,33444
s0935,33444
s0935,33444
s0943,33444
s0943,33444
s0943,33444
s0944,33444
s0944,33444
s0944,33444
s0945,33444
s0947,33444
s0947,33444
s0947,33444
s0948,33444
s0949,33444
s0952,33444
s0955,33444
s0956,33444
s0957,33444
s0957,33444
s0957,33444
s0962,33444
s0963,33444
s0963,33444
s0966,33444
s0967,33444
s0968,33444
s0970,33444
s0971,33444
s0972,33444
s0976,33444
s0976,33444
s0988,33444
s0991,33444
s0994,33444
s0994,33444
s0995,33444
s1002,33444
s1013,33444
s1014,33444
s1014,33444
s1016,33444
s1016,33444
s1018,33444
s1020,33444
s1025,33444
s1027,33444
s1027,33444
s1028,33444
s1029,33444
s1030,33444
s1031,33444
s1031,33444
s1031,33444
s1034,33444
s1041,33444
s1044,33444
s1044,33444
s1044,33444
s1047,33444
s1047,33444
s1049,33444
s1050,33444
s1050,33444
s1053,33444
s1056,33444
s1059,33444
s1060,33444
s1063,33444
s1063,33444
s1063,33444
s1065,33444
s1065,33444
s1066,33444
s1066,33444
s1066,33444
s1066,33444
s1066,33444
s1066,33444
s1067,33444
s1067,33444
s1067,33444
s1068,33444
s1080,33444
s1081,33444
s1082,33444
s1085,33444
s1086,33444
s1087,33444
s1087,33444
s1089,33444
s1089,33444
s1100,33444
s1102,33444
s1102,33444
s1103,33444
s1103,33444
s1103,33444
s1103,33444
s1104,33444
s1104,33444
s1106,33444
s1106,33444
s1106,33444
s1107,33444
s1107,33444
s1110,33444
s1111,33444
s1111,33444
s1112,33444
s1112,33444
s1113,33444
s1114,33444
s1114,33444
s1119,33444
s1119,33444
s1121,33444
s1121,33444
s1122,33444
s1129,33444
s1135,33444
s1137,33444
s1139,33444
s1140,33444
s1140,33444
s1140,33444
s1141,33444
s1146,33444
s1149,33444
s1149,33444
s1150,33444
s1150,33444
s1153,33444
s1153,33444
s1154,33444
s1155,33444
s1155,33444
s1158,33444
s1159,33444
s1160,33444
s1167,33444
s1169,33444
s1169,33444
s1171,33444
s1173,33444
s1174,33444
s1174,33444
s1178,33444
s1178,33444
s1178,33444
s1178,33444
s1181,33444
s1185,33444
s1186,33444
s1189,33444
s1189,33444
s1189,33444
s1191,33444
s1191,33444
s1193,33444
s1198,33444
s1199,33444
s1200,33444
s1201,33444
s1201,33444
s1207,33444
s1210,33444
s1210,33444
s1211,33444
s1218,33444
s1218,33444
s1218,33444
s1219,33444
s1221,33444
s1221,33444
s1223,33444
s1223,33444
s1230,33444
s1233,33444
s1233,33444
s1233,33444
s1234,33444
s1236,33444
s1237,33444
s1239,33444
s1240,33444
s1240,33444
s1241,33444
s1241,33444
s1242,33444
s1242,33444
s1247,33444
s1253,33444
s1254,33444
s1255,33444
s1259,33444
s1259,33444
s1259,33444
s1260,33444
s1261,33444
s1263,33444
s1264,33444
s1267,33444
s1268,33444
s1268,33444
s1271,33444
s1271,33444
s1272,33444
s1272,33444
s1272,33444
s1273,33444
s1275,33444
s1276,33444
s1284,33444
s1284,33444
s1285,33444
s1287,33444
s1287,33444
s1287,33444
s1288,33444
s1289,33444
s1289,33444
s1289,33444
s1289,33444
s1294,33444
s1297,33444
s1301,33444
s1301,33444
s1301,33444
s1301,33444
s1301,33444
s1301,33444
s1301,33444
s1301,33444
s1306,33444
s1307,33444
s1307,33444
s1308,33444
s1310,33444
s1310,33444
s1310,33444
s1310,33444
s1319,33444
s1320,33444
s1320,33444
s1320,33444
s1321,33444
s1322,33444
s1324,33444
s1324,33444
s1325,33444
s1325,33444
s1330,33444
s1334,33444
s1335,33444
s1340,33444
s1340,33444
s1341,33444
s1345,33444
s1345,33444
s1346,33444
s1346,33444
s1348,33444
s1349,33444
s1349,33444
s1352,33444
s1356,33444
s1356,33444
s1357,33444
s1357,33444
s1359,33444
s1359,33444
s1359,33444
s1360,33444
s1362,33444
s1362,33444
s1363,33444
s1364,33444
s1367,33444
s1367,33444
s1369,33444
s1370,33444
s1371,33444
s1375,33444
s1376,33444
s1378,33444
s1378,33444
s1378,33444
s1378,33444
s1379,33444
s1379,33444
s1379,33444
s1380,33444
s1381,33444
s1381,33444
s1381,33444
s1385,33444
s1387,33444
s1387,33444
s1387,33444
s1387,33444
s1388,33444
s1388,33444
s1393,33444
s1393,33444
s1394,33444
s1396,33444
s1397,33444
s1398,33444
s1398,33444
s1398,33444
s1399,33444
s1400,33444
s1402,33444
s1403,33444
s1403,33444
s1404,33444
s1412,33444
s1413,33444
s1420,33444
s1420,33444
s1422,33444
s1425,33444
s1425,33444
s1431,33444
s1436,33444
s1442,33444
s1445,33444
s1446,33444
s1448,33444
s1452,33444
s1452,33444
s1454,33444
s1454,33444
s1455,33444
s1460,33444
s1461,33444
s1462,33444
s1468,33444
s1468,33444
s1470,33444
s1470,33444
s1470,33444
s1471,33444
s1471,33444
s1472,33444
s1472,33444
s1474,33444
s1474,33444
s1474,33444
s1474,33444
s1476,33444
s1479,33444
s1479,33444
s1482,33444
s1482,33444
s1483,33444
s1487,33444
s1487,33444
s1487,33444
s1489,33444
s1489,33444
s1491,33444
s1491,33444
s1491,33444
s1491,33444
s1493,33444
s1493,33444
s1493,33444
s1494,33444
s1494,33444
s1494,33444
s1495,33444
s1495,33444
s1495,33444
s1495,33444
s1496,33444
s1496,33444
s1498,33444
s1498,33444
s1498,33444
s1499,33444
s1501,33444
s1501,33444
s1501,33444
s1502,33444
s1502,33444
s1502,33444
s1502,33444
s1503,33444
s1506,33444
s1509,33444
s1511,33444
s1515,33444
s1516,33444
s1516,33444
s1517,33444
s1524,33444
s1524,33444
s1525,33444
s1526,33444
s1529,33444
s1529,33444
s1529,33444
s1529,33444
s1530,33444
s1532,33444
s1535,33444
s1538,33444
s1538,33444
s1541,33444
s1541,33444
s1544,33444
s1546,33444
s1548,33444
s1548,33444
s1549,33444
s1549,33444
s1551,33444
s1551,33444
s1553,33444
s1554,33444
s1557,33444
s1557,33444
s1560,33444
s1561,33444
s1565,33444
s1565,33444
s1566,33444
s1566,33444
s1572,33444
s1572,33444
s1572,33444
s1573,33444
s1577,33444
s1582,33444
s1586,33444
s1588,33444
s1588,33444
s1588,33444
s1589,33444
s1589,33444
s1589,33444
s1593,33444
s1594,33444
s1596,33444
s1596,33444
s1597,33444
s1601,33444
s1602,33444
s1602,33444
s1602,33444
s1603,33444
s1603,33444
s1609,33444
s1610,33444
s1610,33444
s1611,33444
s1611,33444
s1613,33444
s1615,33444
s1617,33444
s1617,33444
s1617,33444
s1619,33444
s1620,33444
s1622,33444
s1626,33444
s1627,33444
s1630,33444
s1631,33444
s1632,33444
s1634,33444
s1635,33444
s1636,33444
s1638,33444
s1640,33444
s1640,33444
s1640,33444
s1640,33444
s1640,33444
s1641,33444
s1641,33444
s1643,33444
s1643,33444
s1644,33444
s1644,33444
s1646,33444
s1652,33444
s1656,33444
s1658,33444
s1660,33444
s1663,33444
s1664,33444
s1664,33444
s1665,33444
s1672,33444
s1672,33444
s1676,33444
s1678,33444
s1679,33444
s1682,33444
s1682,33444
s1683,33444
s1683,33444
s1684,33444
s1686,33444
s1688,33444
s1688,33444
s1699,33444
s1699,33444
s1699,33444
s1702,33444
s1702,33444
s1702,33444
s1702,33444
s1702,33444
s1702,33444
s1704,33444
s1706,33444
s1707,33444
s1708,33444
s1710,33444
s1714,33444
s1715,33444
s1721,33444
s1721,33444
s1726,33444
s1726,33444
s1728,33444
s1728,33444
s1728,33444
s1730,33444
s1730,33444
s1731,33444
s1731,33444
s1731,33444
s1731,33444
s1733,33444
s1736,33444
s1737,33444
s1739,33444
s1739,33444
s1740,33444
s1740,33444
s1741,33444
s1741,33444
s1743,33444
s1747,33444
s1747,33444
s1752,33444
s1753,33444
s1756,33444
s1761,33444
s1761,33444
s1763,33444
s1764,33444
s1764,33444
s1765,33444
s1765,33444
s1765,33444
s1767,33444
s1768,33444
s1770,33444
s1770,33444
s1772,33444
s1772,33444
s1772,33444
s1772,33444
s1777,33444
s1778,33444
s1780,33444
s1781,33444
s1781,33444
s1785,33444
s1786,33444
s1788,33444
s1789,33444
s1789,33444
s1791,33444
s1792,33444
s1794,33444
s1798,33444
s1800,33444
s1803,33444
s1803,33444
s1804,33444
s1805,33444
s1812,33444
s1813,33444
s1814,33444
s1815,33444
s1815,33444
s1816,33444
s1816,33444
s1816,33444
s1817,33444
s1819,33444
s1819,33444
s1820,33444
s1820,33444
s1822,33444
s1822,33444
s1823,33444
s1825,33444
s1826,33444
s1830,33444
s1830,33444
s1833,33444
s1834,33444
s1835,33444
s1836,33444
s1839,33444
s1840,33444
s1840,33444
s1840,33444
s1840,33444
s1843,33444
s1843,33444
s1843,33444
s1845,33444
s1845,33444
s1845,33444
s1847,33444
s1848,33444
s1848,33444
s1855,33444
s1855,33444
s1855,33444
s1855,33444
s1855,33444
s1855,33444
s1855,33444
s1855,33444
s1855,33444
s1855,33444
s1856,33444
s1856,33444
s1861,33444
s1866,33444
s1873,33444
s1876,33444
s1876,33444
s1877,33444
s1878,33444
s1879,33444
s1879,33444
s1880,33444
s1880,33444
s1882,33444
s1884,33444
s1888,33444
s1888,33444
s1888,33444
s1893,33444
s1895,33444
s1895,33444
s1895,33444
s1896,33444
s1896,33444
s1897,33444
s1902,33444
s1905,33444
s1906,33444
s1907,33444
s1910,33444
s1911,33444
s1918,33444
s1922,33444
s1923,33444
s1924,33444
s1928,33444
s1930,33444
s1930,33444
s1931,33444
s1931,33444
s1937,33444
s1938,33444
s1955,33444
s1958,33444
s1960,33444
s1976,33444
s1976,33444
s1980,33444
s1980,33444
s1981,33444
s1982,33444
s1982,33444
s1982,33444
s1982,33444
s1984,33444
s1986,33444
s1988,33444
s1990,33444
s1992,33444
s1992,33444
s1993,33444
s1998,33444
s1998,33444
s1999,33444
s1999,33444
s2004,33444
s2005,33444
s2006,33444
s2007,33444
s2007,33444
s2008,33444
s2008,33444
s2009,33444
s2009,33444
s2009,33444
s2012,33444
s2013,33444
s2020,33444
s2022,33444
s2022,33444
s2022,33444
s2023,33444
s2028,33444
s2030,33444
s2030,33444
s2030,33444
s2030,33444
s2038,33444
s2038,33444
s2041,33444
s2043,33444
s2044,33444
s2052,33444
s2053,33444
s2053,33444
s2054,33444
s2056,33444
s2057,33444
s2057,33444
s2059,33444
s2059,33444
s2062,33444
s2065,33444
s2065,33444
s2065,33444
s2065,33444
s2065,33444
s2065,33444
s2070,33444
s2073,33444
s2074,33444
s2076,33444
s2076,33444
s2078,33444
s2079,33444
s2080,33444
s2082,33444
s2082,33444
s2083,33444
s2084,33444
s2085,33444
s2089,33444
s2091,33444
s2091,33444
s2091,33444
s2092,33444
s2093,33444
s2094,33444
s2095,33444
s2095,33444
s2095,33444
s2095,33444
s2096,33444
s2096,33444
s2096,33444
s2099,33444
s2099,33444
s2100,33444
s2100,33444
s2101,33444
s2101,33444
s2105,33444
s2106,33444
s2108,33444
s2109,33444
s2109,33444
s2111,33444
s2111,33444
s2117,33444
s2119,33444
s2122,33444
s2123,33444
s2123,33444
s2125,33444
s2125,33444
s2128,33444
s2133,33444
s2133,33444
s2136,33444
s2138,33444
s2138,33444
s2138,33444
s2139,33444
s2140,33444
s2143,33444
s2143,33444
s2145,33444
s2147,33444
s2147,33444
s2149,33444
s2150,33444
s2151,33444
s2152,33444
s2152,33444
s2152,33444
s2156,33444
s2156,33444
s2156,33444
s2158,33444
s2158,33444
s2160,33444
s2160,33444
s2161,33444
s2161,33444
s2163,33444
s2163,33444
s2163,33444
s2163,33444
s2163,33444
s2163,33444
s2167,33444
s2169,33444
s2173,33444
s2174,33444
s2174,33444
s2177,33444
s2177,33444
s2177,33444
s2178,33444
s2179,33444
s2179,33444
s2179,33444
s2184,33444
s2192,33444
s2193,33444
s2195,33444
s2196,33444
s2197,33444
s2202,33444
s2203,33444
s2203,33444
s2203,33444
s2204,33444
s2206,33444
s2206,33444
s2206,33444
s2206,33444
s2208,33444
s2211,33444
s2211,33444
s2211,33444
s2211,33444
s2216,33444
s2221,33444
s2225,33444
s2225,33444
s2225,33444
s2225,33444
s2228,33444
s2228,33444
s2231,33444
s2232,33444
s2233,33444
s2234,33444
s2234,33444
s2236,33444
s2240,33444
s2241,33444
s2245,33444
s2250,33444
s2251,33444
s2251,33444
s2252,33444
s2253,33444
s2253,33444
s2253,33444
s2260,33444
s2264,33444
s2269,33444
s2271,33444
s2279,33444
s2279,33444
s2283,33444
s2284,33444
s2285,33444
s2286,33444
s2288,33444
s2294,33444
s2295,33444
s2297,33444
s2301,33444
s2304,33444
s2306,33444
s2307,33444
s2307,33444
s2308,33444
s2308,33444
s2308,33444
s2308,33444
s2309,33444
s2312,33444
s2312,33444
s2316,33444
s2316,33444
s2320,33444
s2320,33444
s2320,33444
s2320,33444
s2322,33444
s2325,33444
s2328,33444
s2328,33444
s2330,33444
s2331,33444
s2334,33444
s2334,33444
s2338,33444
s2338,33444
s2341,33444
s2341,33444
s2345,33444
s2345,33444
s2347,33444
s2349,33444
s2355,33444
s2357,33444
s2357,33444
s2357,33444
s2357,33444
s2359,33444
s2359,33444
s2360,33444
s2360,33444
s2360,33444
s2363,33444
s2363,33444
s2363,33444
s2364,33444
s2366,33444
s2368,33444
s2372,33444
s2374,33444
s2374,33444
s2374,33444
s2375,33444
s2378,33444
s2378,33444
s2379,33444
s2382,33444
s2383,33444
s2383,33444
s2384,33444
s2385,33444
s2386,33444
s2386,33444
s2388,33444
s2391,33444
s2393,33444
s2393,33444
s2393,33444
s2394,33444
s2394,33444
s2396,33444
s2396,33444
s2397,33444
s2397,33444
s2398,33444
s2401,33444
s2401,33444
s2403,33444
s2403,33444
s2403,33444
s2405,33444
s2405,33444
s2406,33444
s2406,33444
s2408,33444
s2408,33444
s2409,33444
s2409,33444
s2410,33444
s2410,33444
s2410,33444
s2412,33444
s2412,33444
s2412,33444
s2412,33444
s2413,33444
s2417,33444
s2418,33444
s2418,33444
s2419,33444
s2420,33444
s2421,33444
s2430,33444
s2430,33444
s2431,33444
s2431,33444
s2431,33444
s2431,33444
s2437,33444
s2441,33444
s2441,33444
s2444,33444
s2460,33444
s2460,33444
s2461,33444
s2462,33444
s2466,33444
s2466,33444
s2466,33444
s2467,33444
s2467,33444
s2467,33444
s2467,33444
s2468,33444
s2468,33444
s2468,33444
s2470,33444
s2470,33444
s2471,33444
s2471,33444
s2471,33444
s2472,33444
s2474,33444
s2486,33444
s2487,33444
s2497,33444
s2497,33444
s2497,33444
s2497,33444
s2502,33444
s2502,33444
s2509,33444
s2509,33444
s2511,33444
s2511,33444
s2518,33444
s2518,33444
s2518,33444
s2519,33444
s2519,33444
s2521,33444
s2523,33444
s2523,33444
s2523,33444
s2524,33444
s2527,33444
s2527,33444
s2527,33444
s2527,33444
s2529,33444
s2529,33444
s2529,33444
s2529,33444
s2530,33444
s2531,33444
s2531,33444
s2531,33444
s2531,33444
s2537,33444
s2539,33444
s2541,33444
s2541,33444
s2543,33444
s2543,33444
s2544,33444
s2547,33444
s2547,33444
s2550,33444
s2551,33444
s2551,33444
s2552,33444
s2552,33444
s2553,33444
s2554,33444
s2554,33444
s2556,33444
s2563,33444
s2564,33444
s2568,33444
s2568,33444
s2568,33444
s2573,33444
s2573,33444
s2573,33444
s2576,33444
s2576,33444
s2576,33444
s2576,33444
s2576,33444
s2579,33444
s2580,33444
s2581,33444
s2581,33444
s2591,33444
s2591,33444
s2591,33444
s2592,33444
s2592,33444
s2592,33444
s2594,33444
s2595,33444
s2596,33444
s2601,33444
s2602,33444
s2602,33444
s2602,33444
s2604,33444
s2604,33444
s2608,33444
s2612,33444
s2616,33444
s2623,33444
s2624,33444
s2625,33444
s2631,33444
s2631,33444
s2632,33444
s2635,33444
s2637,33444
s2639,33444
s2642,33444
s2647,33444
s2648,33444
s2649,33444
s2649,33444
s2649,33444
s2650,33444
s2651,33444
s2656,33444
s2656,33444
s2661,33444
s2661,33444
s2661,33444
s2662,33444
s2663,33444
s2663,33444
s2663,33444
s2663,33444
s2664,33444
s2664,33444
s2664,33444
s2666,33444
s2666,33444
s2669,33444
s2672,33444
s2674,33444
s2674,33444
s2674,33444
s2675,33444
s2677,33444
s2677,33444
s2677,33444
s2679,33444
s2681,33444
s2683,33444
s2683,33444
s2683,33444
s2684,33444
s2686,33444
s2695,33444
s2696,33444
s2697,33444
s2697,33444
s2698,33444
s2698,33444
s2701,33444
s2705,33444
s2706,33444
s2707,33444
s2708,33444
s2709,33444
s2710,33444
s2711,33444
s2726,33444
s2730,33444
s2733,33444
s2733,33444
s2735,33444
s2735,33444
s2740,33444
s2740,33444
s2746,33444
s2747,33444
s2749,33444
s2750,33444
s2750,33444
s2751,33444
s2755,33444
s2755,33444
s2755,33444
s2756,33444
s2757,33444
s2763,33444
s2763,33444
s2763,33444
s2765,33444
s2767,33444
s2768,33444
s2768,33444
s2768,33444
s2769,33444
s2769,33444
s2771,33444
s2771,33444
s2778,33444
s2781,33444
s2781,33444
s2785,33444
s2786,33444
s2790,33444
s2790,33444
s2794,33444
s2795,33444
s2798,33444
s2802,33444
s2802,33444
s2803,33444
s2805,33444
s2810,33444
s2812,33444
s2813,33444
s2815,33444
s2818,33444
s2820,33444
s2823,33444
s2823,33444
s2829,33444
s2832,33444
s2832,33444
s2833,33444
s2833,33444
s2835,33444
s2836,33444
s2844,33444
s2845,33444
s2846,33444
s2847,33444
s2847,33444
s2848,33444
s2849,33444
s2849,33444
s2856,33444
s2856,33444
s2856,33444
s2856,33444
s2856,33444
s2858,33444
s2860,33444
s2861,33444
s2861,33444
s2862,33444
s2863,33444
s2863,33444
s2864,33444
s2865,33444
s2865,33444
s2866,33444
s2868,33444
s2868,33444
s2869,33444
s2869,33444
s2871,33444
s2871,33444
s2873,33444
s2873,33444
s2875,33444
s2875,33444
s2875,33444
s2877,33444
s2879,33444
s2881,33444
s2883,33444
s2888,33444
s2888,33444
s2889,33444
s2889,33444
s2892,33444
s2893,33444
s2895,33444
s2896,33444
s2900,33444
s2900,33444
s2904,33444
s2908,33444
s2910,33444
s2911,33444
s2913,33444
s2913,33444
s2915,33444
s2915,33444
s2916,33444
s2916,33444
s2921,33444
s2921,33444
s2922,33444
s2922,33444
s2925,33444
s2925,33444
s2925,33444
s2925,33444
s2926,33444
s2928,33444
s2928,33444
s2929,33444
s2933,33444
s2934,33444
s2935,33444
s2936,33444
s2942,33444
s2943,33444
s2956,33444
s2957,33444
s2958,33444
s2960,33444
s2960,33444
s2961,33444
s2961,33444
s2961,33444
s2961,33444
s2962,33444
s2962,33444
s2963,33444
s2970,33444
s2973,33444
s2973,33444
s2973,33444
s2975,33444
s2977,33444
s2977,33444
s2977,33444
s2985,33444
s2987,33444
s2989,33444
s2990,33444
s2994,33444
s2996,33444
s2996,33444
s2996,33444
s2999,33444
s3000,33444
s3000,33444
s3000,33444
s3002,33444
s3002,33444
s3002,33444
s3008,33444
s3009,33444
s3011,33444
s3011,33444
s3015,33444
s3015,33444
s3016,33444
s3016,33444
s3016,33444
s3017,33444
s3021,33444
s3021,33444
s3024,33444
s3024,33444
s3027,33444
s3028,33444
s3031,33444
s3031,33444
s3031,33444
s3032,33444
s3034,33444
s3036,33444
s3036,33444
s3036,33444
s3038,33444
s3038,33444
s3041,33444
s3041,33444
s3042,33444
s3044,33444
s3045,33444
s3047,33444
s3047,33444
s3047,33444
s3048,33444
s3051,33444
s3053,33444
s3063,33444
s3064,33444
s3065,33444
s3066,33444
s3066,33444
s3067,33444
s3067,33444
s3069,33444
s3069,33444
s3072,33444
s3072,33444
s3072,33444
s3073,33444
s3073,33444
s3074,33444
s3076,33444
s3077,33444
s3077,33444
s3081,33444
s3081,33444
s3081,33444
s3082,33444
s3082,33444
s3082,33444
s3082,33444
s3087,33444
s3091,33444
s3096,33444
s3097,33444
s3097,33444
s3098,33444
s3100,33444
s3100,33444
s3103,33444
s3105,33444
s3106,33444
s3106,33444
s3106,33444
s3106,33444
s3109,33444
s3110,33444
s3111,33444
s3113,33444
s3118,33444
s3118,33444
s3125,33444
s3128,33444
s3131,33444
s3135,33444
s3139,33444
s3140,33444
s3141,33444
s3145,33444
s3146,33444
s3147,33444
s3147,33444
s3149,33444
s3151,33444
s3151,33444
s3155,33444
s3156,33444
s3158,33444
s3158,33444
s3162,33444
s3164,33444
s3165,33444
s3169,33444
s3169,33444
s3170,33444
s3170,33444
s3171,33444
s3175,33444
s3175,33444
s3175,33444
s3177,33444
s3178,33444
s3178,33444
s3178,33444
s3178,33444
s3181,33444
s3181,33444
s3183,33444
s3183,33444
s3183,33444
s3183,33444
s3185,33444
s3185,33444
s3185,33444
s3186,33444
s3186,33444
s3186,33444
s3186,33444
s3189,33444
s3189,33444
s3191,33444
s3192,33444
s3204,33444
s3204,33444
s3205,33444
s3209,33444
s3212,33444
s3214,33444
s3219,33444
s3219,33444
s3219,33444
s3222,33444
s3223,33444
s3224,33444
s3228,33444
s3228,33444
s3230,33444
s3231,33444
s3232,33444
s3232,33444
s3236,33444
s3237,33444
s3238,33444
s3238,33444
s3239,33444
s3239,33444
s3239,33444
s3239,33444
s3239,33444
s3244,33444
s3244,33444
s3247,33444
s3248,33444
s3248,33444
s3249,33444
s3250,33444
s3253,33444
s3253,33444
s3254,33444
s3259,33444
s3259,33444
s3259,33444
s3262,33444
s3262,33444
s3262,33444
s3263,33444
s3263,33444
s3263,33444
s3264,33444
s3264,33444
s3264,33444
s3267,33444
s3267,33444
s3268,33444
s3270,33444
s3271,33444
s3274,33444
s3275,33444
s3277,33444
s3278,33444
s3278,33444
s3280,33444
s3282,33444
s3285,33444
s3285,33444
s3287,33444
s3287,33444
s3289,33444
s3289,33444
s3291,33444
s3292,33444
s3292,33444
s3297,33444
s3299,33444
s3301,33444
s3303,33444
s3303,33444
s3304,33444
s3307,33444
s3308,33444
s3308,33444
s3310,33444
s3310,33444
s3310,33444
s3310,33444
s3315,33444
s3316,33444
s3317,33444
s3318,33444
s3319,33444
s3323,33444
s3324,33444
s3326,33444
s3326,33444
s3330,33444
s3332,33444
s3333,33444
s3334,33444
s3338,33444
s3338,33444
s3347,33444
s3347,33444
s3347,33444
s3348,33444
s3351,33444
s3351,33444
s3353,33444
s3353,33444
s3354,33444
s3354,33444
s3357,33444
s3358,33444
s3359,33444
s3361,33444
s3362,33444
s3368,33444
s3368,33444
s3369,33444
s3371,33444
s3377,33444
s3379,33444
s3382,33444
s3382,33444
s3382,33444
s3383,33444
s3386,33444
s3388,33444
s3390,33444
s3392,33444
s3399,33444
s3405,33444
s3406,33444
s3411,33444
s3412,33444
s3415,33444
s3415,33444
s3416,33444
s3416,33444
s3417,33444
s3417,33444
s3417,33444
s3421,33444
s3422,33444
s3422,33444
s3423,33444
s3427,33444
s3427,33444
s3427,33444
s3427,33444
s3430,33444
s3430,33444
s3430,33444
s3434,33444
s3436,33444
s3439,33444
s3439,33444
s3440,33444
s3440,33444
s3440,33444
s3443,33444
s3445,33444
s3449,33444
s3450,33444
s3450,33444
s3450,33444
s3450,33444
s3450,33444
s3451,33444
s3456,33444
s3457,33444
s3462,33444
s3466,33444
s3473,33444
s3474,33444
s3474,33444
s3475,33444
s3475,33444
s3475,33444
s3475,33444
s3477,33444
s3477,33444
s3477,33444
s3478,33444
s3478,33444
s3478,33444
s3478,33444
s3488,33444
s3488,33444
s3488,33444
s3489,33444
s3489,33444
s3492,33444
s3492,33444
s3492,33444
s3493,33444
s3494,33444
s3497,33444
s3500,33444
s3500,33444
s3500,33444
s3501,33444
s3501,33444
s3501,33444
s3502,33444
s3502,33444
s3507,33444
s3507,33444
s3509,33444
s3509,33444
s3512,33444
s3512,33444
s3512,33444
s3514,33444
s3517,33444
s3522,33444
s3522,33444
s3523,33444
s3523,33444
s3524,33444
s3525,33444
s3526,33444
s3526,33444
s3527,33444
s3535,33444
s3547,33444
s3547,33444
s3548,33444
s3548,33444
s3548,33444
s3549,33444
s3549,33444
s3550,33444
s3550,33444
s3552,33444
s3554,33444
s3555,33444
s3557,33444
s3557,33444
s3561,33444
s3561,33444
s3562,33444
s3562,33444
s3566,33444
s3572,33444
s3576,33444
s3576,33444
s3578,33444
s3578,33444
s3579,33444
s3580,33444
s3583,33444
s3585,33444
s3586,33444
s3586,33444
s3586,33444
s3586,33444
s3586,33444
s3586,33444
s3586,33444
s3587,33444
s3587,33444
s3588,33444
s3588,33444
s3588,33444
s3591,33444
s3591,33444
s3595,33444
s3601,33444
s3604,33444
s3610,33444
s3611,33444
s3611,33444
s3612,33444
s3613,33444
s3614,33444
s3615,33444
s3615,33444
s3615,33444
s3616,33444
s3616,33444
s3616,33444
s3616,33444
s3617,33444
s3619,33444
s3625,33444
s3625,33444
s3626,33444
s3626,33444
s3627,33444
s3629,33444
s3634,33444
s3634,33444
s3634,33444
s3638,33444
s3638,33444
s3640,33444
s3640,33444
s3642,33444
s3642,33444
s3643,33444
s3645,33444
s3646,33444
s3648,33444
s3649,33444
s3650,33444
s3650,33444
s3651,33444
s3651,33444
s3651,33444
s3652,33444
s3652,33444
s3657,33444
s3660,33444
s3660,33444
s3663,33444
s3663,33444
s3663,33444
s3663,33444
s3668,33444
s3670,33444
s3670,33444
s3670,33444
s3671,33444
s3671,33444
s3671,33444
s3674,33444
s3675,33444
s3675,33444
s3678,33444
s3678,33444
s3681,33444
s3683,33444
s3686,33444
s3688,33444
s3689,33444
s3690,33444
s3691,33444
s3691,33444
s3692,33444
s3693,33444
s3696,33444
s3701,33444
s3706,33444
s3707,33444
s3707,33444
s3709,33444
s3709,33444
s3719,33444
s3720,33444
s3723,33444
s3723,33444
s3731,33444
s3735,33444
s3743,33444
s3743,33444
s3743,33444
s3747,33444
s3748,33444
s3748,33444
s3748,33444
s3748,33444
s3749,33444
s3750,33444
s3754,33444
s3754,33444
s3755,33444
s3755,33444
s3755,33444
s3758,33444
s3763,33444
s3763,33444
s3763,33444
s3764,33444
s3764,33444
s3764,33444
s3764,33444
s3764,33444
s3765,33444
s3768,33444
s3768,33444
s3771,33444
s3771,33444
s3771,33444
s3773,33444
s3773,33444
s3773,33444
s3775,33444
s3775,33444
s3775,33444
s3775,33444
s3781,33444
s3783,33444
s3783,33444
s3786,33444
s3787,33444
s3787,33444
s3787,33444
s3788,33444
s3793,33444
s3794,33444
s3794,33444
s3794,33444
s3795,33444
s3795,33444
s3795,33444
s3799,33444
s3800,33444
s3800,33444
s3801,33444
s3802,33444
s3802,33444
s3805,33444
s3807,33444
s3808,33444
s3813,33444
s3814,33444
s3814,33444
s3817,33444
s3818,33444
s3818,33444
s3818,33444
s3818,33444
s3818,33444
s3820,33444
s3823,33444
s3824,33444
s3825,33444
s3828,33444
s3828,33444
s3828,33444
s3828,33444
s3828,33444
s3828,33444
s3828,33444
s3828,33444
s3834,33444
s3835,33444
s3835,33444
s3835,33444
s3837,33444
s3839,33444
s3839,33444
s3839,33444
s3840,33444
s3840,33444
s3841,33444
s3843,33444
s3844,33444
s3844,33444
s3844,33444
s3850,33444
s3851,33444
s3852,33444
s3852,33444
s3852,33444
s3853,33444
s3853,33444
s3855,33444
s3859,33444
s3859,33444
s3859,33444
s3861,33444
s3862,33444
s3862,33444
s3862,33444
s3864,33444
s3865,33444
s3866,33444
s3866,33444
s3866,33444
s3867,33444
s3870,33444
s3872,33444
s3875,33444
s3876,33444
s3876,33444
s3876,33444
s3877,33444
s3877,33444
s3877,33444
s3877,33444
s3879,33444
s3879,33444
s3879,33444
s3879,33444
s3881,33444
s3881,33444
s3882,33444
s3882,33444
s3883,33444
s3884,33444
s3884,33444
s3884,33444
s3885,33444
s3885,33444
s3885,33444
s3887,33444
s3887,33444
s3888,33444
s3888,33444
s3888,33444
s3889,33444
s3889,33444
s3889,33444
s3891,33444
s3894,33444
s3894,33444
s3895,33444
s3899,33444
s3900,33444
s3901,33444
s3901,33444
s3901,33444
s3903,33444
s3903,33444
s3904,33444
s3906,33444
s3909,33444
s3909,33444
s3910,33444
s3920,33444
s3921,33444
s3921,33444
s3922,33444
s3927,33444
s3927,33444
s3928,33444
s3929,33444
s3929,33444
s3930,33444
s3931,33444
s3936,33444
s3938,33444
s3938,33444
s3942,33444
s3943,33444
s3946,33444
s3946,33444
s3946,33444
s3947,33444
s3949,33444
s3955,33444
s3955,33444
s3955,33444
s3958,33444
s3958,33444
s3960,33444
s3960,33444
s3960,33444
s3964,33444
s3964,33444
s3965,33444
s3965,33444
s3965,33444
s3965,33444
s3965,33444
s3966,33444
s3967,33444
s3970,33444
s3970,33444
s3971,33444
s3971,33444
s3973,33444
s3978,33444
s3980,33444
s3980,33444
s3981,33444
s3981,33444
s3992,33444
s3992,33444
s3993,33444
s3993,33444
s3993,33444
s3994,33444
s3994,33444
s4002,33444
s4002,33444
s4004,33444
s4004,33444
s4007,33444
s4015,33444
s4019,33444
s4020,33444
s4020,33444
s4021,33444
s4021,33444
s4024,33444
s4027,33444
s4029,33444
s4030,33444
s4034,33444
s4037,33444
s4037,33444
s4038,33444
s4038,33444
s4038,33444
s4043,33444
s4045,33444
s4045,33444
s4045,33444
s4046,33444
s4047,33444
s4047,33444
s4047,33444
s4056,33444
s4058,33444
s4063,33444
s4063,33444
s4065,33444
s4066,33444
s4068,33444
s4068,33444
s4069,33444
s4070,33444
s4070,33444
s4071,33444
s4071,33444
s4072,33444
s4072,33444
s4072,33444
s4074,33444
s4075,33444
s4075,33444
s4076,33444
s4078,33444
s4078,33444
s4079,33444
s4079,33444
s4083,33444
s4088,33444
s4088,33444
s4090,33444
s4091,33444
s4091,33444
s4091,33444
s4092,33444
s4095,33444
s4096,33444
s4101,33444
s4101,33444
s4105,33444
s4106,33444
s4109,33444
s4112,33444
s4112,33444
s4114,33444
s4114,33444
s4114,33444
s4114,33444
s4117,33444
s4117,33444
s4119,33444
s4119,33444
s4120,33444
s4121,33444
s4122,33444
s4122,33444
s4125,33444
s4125,33444
s4128,33444
s4130,33444
s4133,33444
s4133,33444
s4139,33444
s4140,33444
s4140,33444
s4140,33444
s4142,33444
s4143,33444
s4143,33444
s4144,33444
s4146,33444
s4149,33444
s4150,33444
s4151,33444
s4155,33444
s4156,33444
s4156,33444
s4156,33444
s4156,33444
s4157,33444
s4158,33444
s4158,33444
s4161,33444
s4161,33444
s4162,33444
s4166,33444
s4166,33444
s4166,33444
s4167,33444
s4168,33444
s4168,33444
s4168,33444
s4170,33444
s4174,33444
s4181,33444
s4189,33444
s4190,33444
s4190,33444
s4190,33444
s4196,33444
s4197,33444
s4197,33444
s4197,33444
s4199,33444
s4202,33444
s4203,33444
s4206,33444
s4210,33444
s4216,33444
s4216,33444
s4219,33444
s4220,33444
s4220,33444
s4221,33444
s4221,33444
s4221,33444
s4221,33444
s4221,33444
s4226,33444
s4227,33444
s4227,33444
s4242,33444
s4242,33444
s4252,33444
s4252,33444
s4254,33444
s4255,33444
s4255,33444
s4262,33444
s4263,33444
s4264,33444
s4264,33444
s4265,33444
s4265,33444
s4268,33444
s4269,33444
s4270,33444
s4272,33444
s4272,33444
s4272,33444
s4273,33444
s4273,33444
s4278,33444
s4278,33444
s4278,33444
s4278,33444
s4278,33444
s4282,33444
s4283,33444
s4287,33444
s4289,33444
s4289,33444
s4292,33444
s4295,33444
s4296,33444
s4297,33444
s4300,33444
s4300,33444
s4302,33444
s4305,33444
s4305,33444
s4308,33444
s4312,33444
s4312,33444
s4318,33444
s4320,33444
s4321,33444
s4322,33444
s4322,33444
s4324,33444
s4328,33444
s4328,33444
s4328,33444
s4330,33444
s4330,33444
s4330,33444
s4331,33444
s4331,33444
s4333,33444
s4333,33444
s4334,33444
s4334,33444
s4334,33444
s4334,33444
s4335,33444
s4335,33444
s4338,33444
s4339,33444
s4343,33444
s4343,33444
s4343,33444
s4344,33444
s4344,33444
s4344,33444
s4345,33444
s4346,33444
s4350,33444
s4351,33444
s4352,33444
s4352,33444
s4353,33444
s4355,33444
s4355,33444
s4355,33444
s4356,33444
s4356,33444
s4361,33444
s4362,33444
s4365,33444
s4365,33444
s4366,33444
s4366,33444
s4367,33444
s4367,33444
s4367,33444
s4368,33444
s4368,33444
s4370,33444
s4370,33444
s4371,33444
s4371,33444
s4372,33444
s4372,33444
s4374,33444
s4374,33444
s4375,33444
s4376,33444
s4385,33444
s4385,33444
s4386,33444
s4395,33444
s4398,33444
s4398,33444
s4399,33444
s4400,33444
s4402,33444
s4402,33444
s4403,33444
s4403,33444
s4407,33444
s4408,33444
s4410,33444
s4410,33444
s4411,33444
s4413,33444
s4414,33444
s4414,33444
s4415,33444
s4415,33444
s4418,33444
s4419,33444
s4423,33444
s4424,33444
s4429,33444
s4433,33444
s4435,33444
s4435,33444
s4435,33444
s4437,33444
s4441,33444
s4442,33444
s4444,33444
s4463,33444
s4463,33444
s4464,33444
s4465,33444
s4468,33444
s4468,33444
s4469,33444
s4469,33444
s4469,33444
s4471,33444
s4472,33444
s4472,33444
s4473,33444
s4474,33444
s4478,33444
s4479,33444
s4485,33444
s4487,33444
s4488,33444
s4489,33444
s4490,33444
s4491,33444
s4493,33444
s4493,33444
s4494,33444
s4496,33444
s4497,33444
s4498,33444
s4499,33444
s4499,33444
s4500,33444
s4500,33444
s4500,33444
s4501,33444
s4511,33444
s4511,33444
s4518,33444
s4519,33444
s4521,33444
s4521,33444
s4521,33444
s4521,33444
s4523,33444
s4524,33444
s4524,33444
s4533,33444
s4534,33444
s4535,33444
s4536,33444
s4538,33444
s4539,33444
s4539,33444
s4539,33444
s4540,33444
s4541,33444
s4557,33444
s4557,33444
s4558,33444
s4558,33444
s4566,33444
s4590,33444
s4591,33444
s4592,33444
s4593,33444
s4594,33444
s4606,33444
s4608,33444
s4610,33444
s4618,33444
s4619,33444
s4619,33444
s4623,33444
s4624,33444
s4635,33444
s4635,33444
s4635,33444
s4637,33444
s4639,33444
s4639,33444
s4639,33444
s4641,33444
s4642,33444
s4644,33444
s4644,33444
s4646,33444
s4646,33444
s4658,33444
s4658,33444
s4658,33444
s4662,33444
s4662,33444
s4664,33444
s4665,33444
s4666,33444
s4669,33444
s4671,33444
s4671,33444
s4672,33444
s4672,33444
s4673,33444
s4676,33444
s4677,33444
s4677,33444
s4678,33444
s4678,33444
s4679,33444
s4679,33444
s4681,33444
s4688,33444
s4690,33444
s4690,33444
s4696,33444
s4697,33444
s4698,33444
s4699,33444
s4705,33444
s4705,33444
s4706,33444
s4707,33444
s4709,33444
s4709,33444
s4710,33444
s4711,33444
s4712,33444
s4712,33444
s4717,33444
s4719,33444
s4719,33444
s4719,33444
s4723,33444
s4724,33444
s4729,33444
s4730,33444
s4744,33444
s4749,33444
s4749,33444
s4749,33444
s4749,33444
s4749,33444
s4751,33444
s4751,33444
s4752,33444
s4752,33444
s4752,33444
s4755,33444
s4758,33444
s4761,33444
s4761,33444
s4761,33444
s4765,33444
s4767,33444
s4771,33444
s4773,33444
s4776,33444
s4777,33444
s4777,33444
s4777,33444
s4780,33444
s4782,33444
s4790,33444
s4791,33444
s4793,33444
s4793,33444
s4794,33444
s4795,33444
s4795,33444
s4799,33444
s4800,33444
s4800,33444
s4807,33444
s4816,33444
s4816,33444
s4816,33444
s4817,33444
s4819,33444
s4822,33444
s4825,33444
s4829,33444
s4829,33444
s4830,33444
s4832,33444
s4833,33444
s4838,33444
s4838,33444
s4839,33444
s4840,33444
s4840,33444
s4843,33444
s4853,33444
s4853,33444
s4853,33444
s4853,33444
s4856,33444
s4857,33444
s4858,33444
s4859,33444
s4865,33444
s4870,33444
s4872,33444
s4874,33444
s4874,33444
s4875,33444
s4880,33444
s4880,33444
s4881,33444
s4881,33444
s4883,33444
s4884,33444
s4884,33444
s4885,33444
s4887,33444
s4887,33444
s4890,33444
s4890,33444
s4892,33444
s4899,33444
s4899,33444
s4902,33444
s4902,33444
s4903,33444
s4903,33444
s4903,33444
s4906,33444
s4906,33444
s4906,33444
s4908,33444
s4909,33444
s4911,33444
s4913,33444
s4915,33444
s4915,33444
s4915,33444
s4918,33444
s4921,33444
s4921,33444
s4924,33444
s4924,33444
s4925,33444
s4925,33444
s4926,33444
s4927,33444
s4929,33444
s4931,33444
s4931,33444
s4931,33444
s4936,33444
s4937,33444
s4939,33444
s4941,33444
s4941,33444
s4942,33444
s4944,33444
s4947,33444
s4948,33444
s4949,33444
s4950,33444
s4950,33444
s4950,33444
s4952,33444
s4957,33444
s4959,33444
s4959,33444
s4961,33444
s4962,33444
s4965,33444
s4966,33444
s4967,33444
s4967,33444
s4967,33444
s4967,33444
s4973,33444
s4973,33444
s4974,33444
s4975,33444
s4987,33444
s4988,33444
s4994,33444
s4995,33444
s5004,33444
s5004,33444
s5004,33444
s5005,33444
s5007,33444
s5011,33444
s5011,33444
s5011,33444
s5011,33444
s5012,33444
s5012,33444
s5015,33444
s5016,33444
s5016,33444
s5019,33444
s5020,33444
s5022,33444
s5027,33444
s5030,33444
s5031,33444
s5032,33444
s5032,33444
s5037,33444
s5052,33444
s5052,33444
s5054,33444
s5058,33444
s5058,33444
s5058,33444
s5059,33444
s5060,33444
s5060,33444
s5060,33444
s5064,33444
s5064,33444
s5065,33444
s5066,33444
s5066,33444
s5066,33444
s5073,33444
s5075,33444
s5075,33444
s5076,33444
s5081,33444
s5082,33444
s5085,33444
s5091,33444
s5092,33444
s5094,33444
s5100,33444
s5100,33444
s5102,33444
s5103,33444
s5107,33444
s5107,33444
s5107,33444
s5107,33444
s5107,33444
s5108,33444
s5110,33444
s5114,33444
s5116,33444
s5116,33444
s5122,33444
s5124,33444
s5125,33444
s5125,33444
s5127,33444
s5130,33444
s5132,33444
s5137,33444
s5143,33444
s5143,33444
s5146,33444
s5148,33444
s5150,33444
s5152,33444
s5154,33444
s5156,33444
s5157,33444
s5161,33444
s5164,33444
s5166,33444
s5166,33444
s5173,33444
s5173,33444
s5173,33444
s5173,33444
s5175,33444
s5175,33444
s5176,33444
s5176,33444
s5176,33444
s5178,33444
s5178,33444
s5180,33444
s5181,33444
s5186,33444
s5186,33444
s5186,33444
s5188,33444
s5191,33444
s5193,33444
s5193,33444
s5195,33444
s5195,33444
s5200,33444
s5200,33444
s5200,33444
s5201,33444
s5201,33444
s5201,33444
s5204,33444
s5204,33444
s5206,33444
s5207,33444
s5209,33444
s5213,33444
s5213,33444
s5213,33444
s5215,33444
s5216,33444
s5216,33444
s5216,33444
s5216,33444
s5216,33444
s5216,33444
s5217,33444
s5217,33444
s5220,33444
s5227,33444
s5227,33444
s5227,33444
s5227,33444
s5230,33444
s5233,33444
s5233,33444
s5236,33444
s5238,33444
s5238,33444
s5242,33444
s5243,33444
s5245,33444
s5246,33444
s5247,33444
s5248,33444
s5249,33444
s5249,33444
s5249,33444
s5249,33444
s5249,33444
s5251,33444
s5259,33444
s5261,33444
s5261,33444
s5262,33444
s5262,33444
s5264,33444
s5265,33444
s5267,33444
s5270,33444
s5275,33444
s5275,33444
s5279,33444
s5283,33444
s5285,33444
s5287,33444
s5287,33444
s5289,33444
s5289,33444
s5290,33444
s5290,33444
s5295,33444
s5299,33444
s5299,33444
s5303,33444
s5303,33444
s5306,33444
s5306,33444
s5306,33444
s5306,33444
s5314,33444
s5317,33444
s5317,33444
s5317,33444
s5318,33444
s5319,33444
s5319,33444
s5320,33444
s5328,33444
s5329,33444
s5329,33444
s5332,33444
s5341,33444
s5345,33444
s5346,33444
s5346,33444
s5346,33444
s5349,33444
s5352,33444
s5353,33444
s5354,33444
s5354,33444
s5354,33444
s5354,33444
s5355,33444
s5359,33444
s5359,33444
s5359,33444
s5360,33444
s5361,33444
s5363,33444
s5363,33444
s5363,33444
s5363,33444
s5365,33444
s5366,33444
s5369,33444
s5374,33444
s5376,33444
s5378,33444
s5378,33444
s5378,33444
s5378,33444
s5378,33444
s5379,33444
s5381,33444
s5381,33444
s5381,33444
s5381,33444
s5381,33444
s5382,33444
s5382,33444
s5383,33444
s5384,33444
s5384,33444
s5384,33444
s5385,33444
s5387,33444
s5387,33444
s5390,33444
s5390,33444
s5391,33444
s5393,33444
s5394,33444
s5394,33444
s5401,33444
s5402,33444
s5403,33444
s5404,33444
s5404,33444
s5404,33444
s5405,33444
s5406,33444
s5407,33444
s5408,33444
s5408,33444
s5409,33444
s5410,33444
s5410,33444
s5411,33444
s5412,33444
s5413,33444
s5413,33444
s5414,33444
s5414,33444
s5416,33444
s5418,33444
s5422,33444
s5423,33444
s5423,33444
s5426,33444
s5429,33444
s5429,33444
s5431,33444
s5437,33444
s5438,33444
s5440,33444
s5440,33444
s5441,33444
s5443,33444
s5444,33444
s5445,33444
s5446,33444
s5450,33444
s5453,33444
s5454,33444
s5454,33444
s5455,33444
s5456,33444
s5459,33444
s5462,33444
s5465,33444
s5465,33444
s5465,33444
s5465,33444
s5465,33444
s5466,33444
s5470,33444
s5470,33444
s5471,33444
s5471,33444
s5471,33444
s5471,33444
s5473,33444
s5475,33444
s5475,33444
s5475,33444
s5475,33444
s5479,33444
s5487,33444
s5488,33444
s5488,33444
s5489,33444
s5494,33444
s5494,33444
s5495,33444
s5499,33444
s5502,33444
s5503,33444
s5503,33444
s5505,33444
s5505,33444
s5507,33444
s5508,33444
s5510,33444
s5515,33444
s5515,33444
s5517,33444
s5517,33444
s5520,33444
s5523,33444
s5525,33444
s5526,33444
s5526,33444
s5527,33444
s5527,33444
s5527,33444
s5527,33444
s5528,33444
s5528,33444
s5528,33444
s5528,33444
s5529,33444
s5529,33444
s5529,33444
s5529,33444
s5529,33444
s5529,33444
s5530,33444
s5530,33444
s5532,33444
s5532,33444
s5532,33444
s5534,33444
s5535,33444
s5537,33444
s5541,33444
s5542,33444
s5544,33444
s5545,33444
s5545,33444
s5545,33444
s5545,33444
s5553,33444
s5553,33444
s5555,33444
s5562,33444
s5562,33444
s5565,33444
s5566,33444
s5566,33444
s5569,33444
s5571,33444
s5573,33444
s5573,33444
s5573,33444
s5573,33444
s5573,33444
s5579,33444
s5581,33444
s5581,33444
s5584,33444
s5586,33444
s5586,33444
s5589,33444
s5589,33444
s5590,33444
s5591,33444
s5591,33444
s5591,33444
s5592,33444
s5593,33444
s5598,33444
s5598,33444
s5599,33444
s5599,33444
s5601,33444
s5601,33444
s5601,33444
s5602,33444
s5605,33444
s5607,33444
s5607,33444
s5609,33444
s5614,33444
s5614,33444
s5616,33444
s5617,33444
s5620,33444
s5622,33444
s5624,33444
s5627,33444
s5633,33444
s5636,33444
s5641,33444
s5645,33444
s5645,33444
s5646,33444
s5646,33444
s5646,33444
s5649,33444
s5649,33444
s5649,33444
s5650,33444
s5650,33444
s5651,33444
s5658,33444
s5660,33444
s5662,33444
s5663,33444
s5666,33444
s5669,33444
s5669,33444
s5672,33444
s5672,33444
s5676,33444
s5677,33444
s5679,33444
s5682,33444
s5683,33444
s5685,33444
s5685,33444
s5692,33444
s5693,33444
s5694,33444
s5701,33444
s5701,33444
s5703,33444
s5703,33444
s5703,33444
s5704,33444
s5704,33444
s5704,33444
s5707,33444
s5708,33444
s5708,33444
s5710,33444
s5715,33444
s5717,33444
s5720,33444
s5724,33444
s5729,33444
s5729,33444
s5729,33444
s5730,33444
s5731,33444
s5732,33444
s5733,33444
s5734,33444
s5734,33444
s5734,33444
s5735,33444
s5735,33444
s5736,33444
s5736,33444
s5737,33444
s5738,33444
s5740,33444
s5740,33444
s5743,33444
s5743,33444
s5743,33444
s5744,33444
s5745,33444
s5747,33444
s5747,33444
s5747,33444
s5751,33444
s5752,33444
s5753,33444
s5753,33444
s5754,33444
s5754,33444
s5754,33444
s5756,33444
s5756,33444
s5762,33444
s5762,33444
s5762,33444
s5762,33444
s5764,33444
s5765,33444
s5766,33444
s5766,33444
s5766,33444
s5767,33444
s5767,33444
s5771,33444
s5771,33444
s5772,33444
s5772,33444
s5773,33444
s5773,33444
s5774,33444
s5775,33444
s5776,33444
s5776,33444
s5777,33444
s5778,33444
s5778,33444
s5778,33444
s5778,33444
s5782,33444
s5787,33444
s5787,33444
s5790,33444
s5795,33444
s5801,33444
s5801,33444
s5801,33444
s5806,33444
s5806,33444
s5806,33444
s5807,33444
s5808,33444
s5809,33444
s5810,33444
s5814,33444
s5821,33444
s5826,33444
s5829,33444
s5830,33444
s5831,33444
s5831,33444
s5833,33444
s5837,33444
s5837,33444
s5837,33444
s5842,33444
s5842,33444
s5842,33444
s5847,33444
s5852,33444
s5854,33444
s5858,33444
s5858,33444
s5861,33444
s5862,33444
s5863,33444
s5863,33444
s5865,33444
s5865,33444
s5866,33444
s5868,33444
s5870,33444
s5870,33444
s5874,33444
s5874,33444
s5874,33444
s5875,33444
s5875,33444
s5880,33444
s5880,33444
s5880,33444
s5880,33444
s5882,33444
s5887,33444
s5887,33444
s5888,33444
s5889,33444
s5889,33444
s5889,33444
s5889,33444
s5893,33444
s5893,33444
s5893,33444
s5893,33444
s5893,33444
s5899,33444
s5899,33444
s5899,33444
s5901,33444
s5901,33444
s5910,33444
s5924,33444
s5934,33444
s5937,33444
s5945,33444
s5946,33444
s5948,33444
s5949,33444
s5949,33444
s5949,33444
s5950,33444
s5951,33444
s5951,33444
s5953,33444
s5954,33444
s5955,33444
s5955,33444
s5956,33444
s5957,33444
s5959,33444
s5960,33444
s5960,33444
s5960,33444
s5961,33444
s5964,33444
s5964,33444
s5966,33444
s5968,33444
s5976,33444
s5978,33444
s5980,33444
s5980,33444
s5981,33444
s5981,33444
s5981,33444
s5986,33444
s5987,33444
s5987,33444
s5987,33444
s5991,33444
s5991,33444
s5992,33444
s5994,33444
s5994,33444
s5996,33444
s5997,33444
s5997,33444
s5997,33444
s5998,33444
s6000,33444
s6001,33444
s6002,33444
s6003,33444
s6004,33444
s6007,33444
s6008,33444
s6009,33444
s6010,33444
s6012,33444
s6016,33444
s6018,33444
s6018,33444
s6019,33444
s6020,33444
s6024,33444
s6024,33444
s6031,33444
s6031,33444
s6033,33444
s6038,33444
s6038,33444
s6041,33444
s6041,33444
s6042,33444
s6043,33444
s6045,33444
s6046,33444
s6046,33444
s6050,33444
s6050,33444
s6051,33444
s6052,33444
s6053,33444
s6053,33444
s6054,33444
s6055,33444
s6055,33444
s6055,33444
s6057,33444
s6058,33444
s6058,33444
s6059,33444
s6059,33444
s6061,33444
s6061,33444
s6061,33444
s6063,33444
s6066,33444
s6068,33444
s6069,33444
s6069,33444
s6069,33444
s6070,33444
s6070,33444
s6075,33444
s6081,33444
s6081,33444
s6081,33444
s6083,33444
s6083,33444
s6084,33444
s6085,33444
s6085,33444
s6086,33444
s6086,33444
s6090,33444
s6091,33444
s6092,33444
s6098,33444
s6099,33444
s6099,33444
s6099,33444
s6102,33444
s6102,33444
s6105,33444
s6110,33444
s6110,33444
s6112,33444
s6112,33444
s6112,33444
s6112,33444
s6113,33444
s6114,33444
s6116,33444
s6117,33444
s6117,33444
s6119,33444
s6119,33444
s6121,33444
s6123,33444
s6125,33444
s6125,33444
s6125,33444
s6125,33444
s6126,33444
s6126,33444
s6126,33444
s6127,33444
s6129,33444
s6129,33444
s6130,33444
s6135,33444
s6138,33444
s6143,33444
s6143,33444
s6144,33444
s6145,33444
s6145,33444
s6145,33444
s6148,33444
s6148,33444
s6149,33444
s6150,33444
s6152,33444
s6153,33444
s6153,33444
s6154,33444
s6154,33444
s6155,33444
s6155,33444
s6156,33444
s6157,33444
s6157,33444
s6164,33444
s6165,33444
s6165,33444
s6165,33444
s6172,33444
s6172,33444
s6173,33444
s6173,33444
s6176,33444
s6177,33444
s6180,33444
s6181,33444
s6183,33444
s6183,33444
s6186,33444
s6187,33444
s6187,33444
s6187,33444
s6187,33444
s6187,33444
s6187,33444
s6188,33444
s6188,33444
s6189,33444
s6195,33444
s6197,33444
s6197,33444
s6203,33444
s6211,33444
s6211,33444
s6212,33444
s6212,33444
s6213,33444
s6214,33444
s6214,33444
s6215,33444
s6216,33444
s6216,33444
s6222,33444
s6222,33444
s6222,33444
s6223,33444
s6226,33444
s6227,33444
s6227,33444
s6232,33444
s6232,33444
s6239,33444
s6239,33444
s6239,33444
s6239,33444
s6241,33444
s6242,33444
s6243,33444
s6243,33444
s6244,33444
s6245,33444
s6246,33444
s6249,33444
s6253,33444
s6253,33444
s6258,33444
s6258,33444
s6261,33444
s6261,33444
s6263,33444
s6264,33444
s6265,33444
s6266,33444
s6267,33444
s6267,33444
s6268,33444
s6268,33444
s6269,33444
s6270,33444
s6271,33444
s6272,33444
s6272,33444
s6272,33444
s6272,33444
s6272,33444
s6272,33444
s6272,33444
s6273,33444
s6276,33444
s6276,33444
s6278,33444
s6280,33444
s6280,33444
s6281,33444
s6281,33444
s6284,33444
s6292,33444
s6292,33444
s6297,33444
s6301,33444
s6302,33444
s6303,33444
s6304,33444
s6304,33444
s6306,33444
s6307,33444
s6307,33444
s6312,33444
s6312,33444
s6313,33444
s6318,33444
s6319,33444
s6319,33444
s6320,33444
s6326,33444
s6326,33444
s6326,33444
s6326,33444
s6328,33444
s6328,33444
s6329,33444
s6329,33444
s6329,33444
s6331,33444
s6331,33444
s6331,33444
s6332,33444
s6333,33444
s6334,33444
s6335,33444
s6335,33444
s6337,33444
s6338,33444
s6339,33444
s6339,33444
s6339,33444
s6340,33444
s6344,33444
s6344,33444
s6347,33444
s6354,33444
s6355,33444
s6356,33444
s6357,33444
s6360,33444
s6362,33444
s6366,33444
s6366,33444
s6367,33444
s6370,33444
s6371,33444
s6372,33444
s6377,33444
s6377,33444
s6377,33444
s6378,33444
s6380,33444
s6380,33444
s6381,33444
s6383,33444
s6387,33444
s6389,33444
s6394,33444
s6395,33444
s6396,33444
s6396,33444
s6397,33444
s6400,33444
s6400,33444
s6409,33444
s6410,33444
s6410,33444
s6410,33444
s6410,33444
s6411,33444
s6411,33444
s6413,33444
s6413,33444
s6414,33444
s6415,33444
s6415,33444
s6416,33444
s6419,33444
s6420,33444
s6421,33444
s6423,33444
s6424,33444
s6424,33444
s6425,33444
s6426,33444
s6431,33444
s6431,33444
s6432,33444
s6442,33444
s6447,33444
s6448,33444
s6448,33444
s6448,33444
s6448,33444
s6448,33444
s6449,33444
s6450,33444
s6451,33444
s6451,33444
s6453,33444
s6453,33444
s6457,33444
s6459,33444
s6461,33444
s6462,33444
s6462,33444
s6463,33444
s6463,33444
s6464,33444
s6464,33444
s6468,33444
s6471,33444
s6471,33444
s6474,33444
s6475,33444
s6475,33444
s6477,33444
s6479,33444
s6480,33444
s6481,33444
s6481,33444
s6483,33444
s6486,33444
s6489,33444
s6493,33444
s6493,33444
s6494,33444
s6494,33444
s6494,33444
s6494,33444
s6495,33444
s6503,33444
s6504,33444
s6504,33444
s6505,33444
s6506,33444
s6509,33444
s6510,33444
s6511,33444
s6512,33444
s6512,33444
s6531,33444
s6533,33444
s6534,33444
s6535,33444
s6535,33444
s6538,33444
s6541,33444
s6541,33444
s6543,33444
s6544,33444
s6544,33444
s6545,33444
s6549,33444
s6550,33444
s6550,33444
s6550,33444
s6550,33444
s6551,33444
s6551,33444
s6551,33444
s6551,33444
s6552,33444
s6552,33444
s6555,33444
s6556,33444
s6557,33444
s6558,33444
s6558,33444
s6561,33444
s6562,33444
s6563,33444
s6571,33444
s6571,33444
s6572,33444
s6572,33444
s6572,33444
s6573,33444
s6574,33444
s6577,33444
s6579,33444
s6579,33444
s6579,33444
s6582,33444
s6582,33444
s6582,33444
s6584,33444
s6584,33444
s6584,33444
s6585,33444
s6585,33444
s6585,33444
s6588,33444
s6588,33444
s6588,33444
s6593,33444
s6594,33444
s6598,33444
s6599,33444
s6600,33444
s6604,33444
s6604,33444
s6606,33444
s6606,33444
s6609,33444
s6609,33444
s6609,33444
s6610,33444
s6610,33444
s6613,33444
s6613,33444
s6613,33444
s6615,33444
s6615,33444
s6615,33444
s6615,33444
s6615,33444
s6617,33444
s6617,33444
s6618,33444
s6621,33444
s6622,33444
s6622,33444
s6622,33444
s6625,33444
s6625,33444
s6625,33444
s6626,33444
s6628,33444
s6628,33444
s6629,33444
s6629,33444
s6630,33444
s6630,33444
s6631,33444
s6637,33444
s6637,33444
s6638,33444
s6638,33444
s6641,33444
s6644,33444
s6647,33444
s6653,33444
s6653,33444
s6653,33444
s6653,33444
s6656,33444
s6656,33444
s6656,33444
s6658,33444
s6658,33444
s6662,33444
s6663,33444
s6664,33444
s6665,33444
s6667,33444
s6667,33444
s6671,33444
s6671,33444
s6672,33444
s6674,33444
s6677,33444
s6677,33444
s6677,33444
s6679,33444
s6683,33444
s6687,33444
s6687,33444
s6690,33444
s6694,33444
s6694,33444
s6696,33444
s6698,33444
s6699,33444
s6701,33444
s6702,33444
s6703,33444
s6703,33444
s6706,33444
s6710,33444
s6711,33444
s6712,33444
s6714,33444
s6716,33444
s6718,33444
s6718,33444
s6719,33444
s6719,33444
s6720,33444
s6720,33444
s6722,33444
s6724,33444
s6724,33444
s6730,33444
s6732,33444
s6732,33444
s6735,33444
s6739,33444
s6744,33444
s6744,33444
s6747,33444
s6747,33444
s6749,33444
s6752,33444
s6754,33444
s6755,33444
s6755,33444
s6755,33444
s6756,33444
s6756,33444
s6759,33444
s6759,33444
s6760,33444
s6761,33444
s6764,33444
s6766,33444
s6766,33444
s6766,33444
s6768,33444
s6770,33444
s6772,33444
s6772,33444
s6772,33444
s6775,33444
s6777,33444
s6777,33444
s6779,33444
s6782,33444
s6785,33444
s6792,33444
s6792,33444
s6795,33444
s6796,33444
s6797,33444
s6797,33444
s6797,33444
s6798,33444
s6799,33444
s6802,33444
s6806,33444
s6807,33444
s6807,33444
s6814,33444
s6815,33444
s6820,33444
s6820,33444
s6820,33444
s6820,33444
s6823,33444
s6825,33444
s6825,33444
s6825,33444
s6825,33444
s6825,33444
s6827,33444
s6827,33444
s6827,33444
s6827,33444
s6828,33444
s6828,33444
s6831,33444
s6833,33444
s6837,33444
s6837,33444
s6844,33444
s6846,33444
s6846,33444
s6848,33444
s6848,33444
s6848,33444
s6853,33444
s6854,33444
s6854,33444
s6856,33444
s6858,33444
s6859,33444
s6859,33444
s6860,33444
s6862,33444
s6867,33444
s6869,33444
s6870,33444
s6870,33444
s6872,33444
s6873,33444
s6878,33444
s6879,33444
s6881,33444
s6881,33444
s6881,33444
s6883,33444
s6883,33444
s6884,33444
s6886,33444
s6886,33444
s6887,33444
s6889,33444
s6891,33444
s6891,33444
s6891,33444
s6897,33444
s6902,33444
s6902,33444
s6910,33444
s6911,33444
s6912,33444
s6915,33444
s6915,33444
s6918,33444
s6918,33444
s6921,33444
s6921,33444
s6921,33444
s6922,33444
s6923,33444
s6923,33444
s6925,33444
s6930,33444
s6934,33444
s6940,33444
s6941,33444
s6942,33444
s6943,33444
s6950,33444
s6950,33444
s6950,33444
s6954,33444
s6954,33444
s6956,33444
s6958,33444
s6959,33444
s6960,33444
s6961,33444
s6962,33444
s6964,33444
s6964,33444
s6964,33444
s6965,33444
s6965,33444
s6968,33444
s6968,33444
s6971,33444
s6978,33444
s6978,33444
s6984,33444
s6985,33444
s6991,33444
s6991,33444
s6991,33444
s6995,33444
s6995,33444
s6997,33444
s7004,33444
s7007,33444
s7007,33444
s7010,33444
s7010,33444
s7013,33444
s7015,33444
s7015,33444
s7015,33444
s7016,33444
s7019,33444
s7022,33444
s7028,33444
s7028,33444
s7030,33444
s7031,33444
s7033,33444
s7034,33444
s7034,33444
s7034,33444
s7035,33444
s7040,33444
s7040,33444
s7040,33444
s7041,33444
s7041,33444
s7041,33444
s7043,33444
s7043,33444
s7044,33444
s7053,33444
s7056,33444
s7058,33444
s7059,33444
s7059,33444
s7059,33444
s7060,33444
s7060,33444
s7060,33444
s7061,33444
s7064,33444
s7064,33444
s7064,33444
s7068,33444
s7070,33444
s7071,33444
s7073,33444
s7075,33444
s7078,33444
s7079,33444
s7080,33444
s7080,33444
s7085,33444
s7085,33444
s7086,33444
s7086,33444
s7092,33444
s7092,33444
s7092,33444
s7095,33444
s7097,33444
s7098,33444
s7099,33444
s7099,33444
s7105,33444
s7105,33444
s7106,33444
s7107,33444
s7109,33444
s7114,33444
s7114,33444
s7114,33444
s7115,33444
s7119,33444
s7122,33444
s7122,33444
s7126,33444
s7127,33444
s7127,33444
s7134,33444
s7137,33444
s7143,33444
s7143,33444
s7144,33444
s7144,33444
s7145,33444
s7148,33444
s7148,33444
s7148,33444
s7149,33444
s7149,33444
s7150,33444
s7150,33444
s7154,33444
s7155,33444
s7157,33444
s7165,33444
s7165,33444
s7166,33444
s7171,33444
s7171,33444
s7174,33444
s7190,33444
s7192,33444
s7192,33444
s7193,33444
s7198,33444
s7198,33444
s7198,33444
s7199,33444
s7200,33444
s7202,33444
s7202,33444
s7203,33444
s7204,33444
s7205,33444
s7206,33444
s7207,33444
s7207,33444
s7208,33444
s7209,33444
s7209,33444
s7211,33444
s7212,33444
s7213,33444
s7215,33444
s7219,33444
s7221,33444
s7237,33444
s7238,33444
s7240,33444
s7240,33444
s7242,33444
s7242,33444
s7245,33444
s7251,33444
s7253,33444
s7254,33444
s7255,33444
s7256,33444
s7257,33444
s7257,33444
s7258,33444
s7259,33444
s7259,33444
s7264,33444
s7267,33444
s7268,33444
s7268,33444
s7268,33444
s7269,33444
s7269,33444
s7270,33444
s7275,33444
s7275,33444
s7282,33444
s7283,33444
s7284,33444
s7285,33444
s7285,33444
s7285,33444
s7285,33444
s7287,33444
s7288,33444
s7297,33444
s7297,33444
s7303,33444
s7304,33444
s7304,33444
s7304,33444
s7304,33444
s7305,33444
s7306,33444
s7306,33444
s7307,33444
s7308,33444
s7308,33444
s7309,33444
s7309,33444
s7309,33444
s7311,33444
s7312,33444
s7312,33444
s7312,33444
s7313,33444
s7313,33444
s7314,33444
s7314,33444
s7315,33444
s7315,33444
s7317,33444
s7317,33444
s7326,33444
s7327,33444
s7327,33444
s7328,33444
s7329,33444
s7331,33444
s7331,33444
s7333,33444
s7333,33444
s7333,33444
s7334,33444
s7334,33444
s7335,33444
s7336,33444
s7337,33444
s7344,33444
s7344,33444
s7344,33444
s7344,33444
s7344,33444
s7344,33444
s7345,33444
s7349,33444
s7351,33444
s7352,33444
s7352,33444
s7352,33444
s7355,33444
s7355,33444
s7357,33444
s7358,33444
s7358,33444
s7358,33444
s7359,33444
s7360,33444
s7366,33444
s7368,33444
s7370,33444
s7376,33444
s7379,33444
s7379,33444
s7379,33444
s7379,33444
s7385,33444
s7388,33444
s7390,33444
s7390,33444
s7390,33444
s7391,33444
s7392,33444
s7392,33444
s7392,33444
s7393,33444
s7398,33444
s7399,33444
s7400,33444
s7400,33444
s7402,33444
s7403,33444
s7404,33444
s7411,33444
s7412,33444
s7417,33444
s7417,33444
s7418,33444
s7421,33444
s7422,33444
s7422,33444
s7422,33444
s7424,33444
s7424,33444
s7425,33444
s7433,33444
s7433,33444
s7433,33444
s7443,33444
s7443,33444
s7444,33444
s7444,33444
s7445,33444
s7446,33444
s7448,33444
s7451,33444
s7452,33444
s7453,33444
s7456,33444
s7457,33444
s7457,33444
s7459,33444
s7461,33444
s7462,33444
s7462,33444
s7462,33444
s7462,33444
s7464,33444
s7465,33444
s7469,33444
s7469,33444
s7471,33444
s7471,33444
s7477,33444
s7477,33444
s7478,33444
s7479,33444
s7481,33444
s7481,33444
s7483,33444
s7483,33444
s7483,33444
s7485,33444
s7491,33444
s7491,33444
s7492,33444
s7493,33444
s7494,33444
s7495,33444
s7495,33444
s7496,33444
s7497,33444
s7498,33444
s7498,33444
s7498,33444
s7500,33444
s7500,33444
s7501,33444
s7501,33444
s7502,33444
s7502,33444
s7504,33444
s7509,33444
s7511,33444
s7511,33444
s7511,33444
s7516,33444
s7516,33444
s7516,33444
s7517,33444
s7520,33444
s7521,33444
s7523,33444
s7524,33444
s7526,33444
s7527,33444
s7528,33444
s7530,33444
s7532,33444
s7533,33444
s7534,33444
s7534,33444
s7534,33444
s7534,33444
s7536,33444
s7536,33444
s7538,33444
s7540,33444
s7542,33444
s7543,33444
s7545,33444
s7546,33444
s7556,33444
s7559,33444
s7559,33444
s7559,33444
s7559,33444
s7559,33444
s7563,33444
s7563,33444
s7574,33444
s7578,33444
s7579,33444
s7580,33444
s7585,33444
s7585,33444
s7585,33444
s7588,33444
s7588,33444
s7590,33444
s7590,33444
s7590,33444
s7590,33444
s7590,33444
s7591,33444
s7592,33444
s7592,33444
s7592,33444
s7592,33444
s7593,33444
s7594,33444
s7594,33444
s7595,33444
s7596,33444
s7597,33444
s7597,33444
s7598,33444
s7598,33444
s7601,33444
s7619,33444
s7619,33444
s7621,33444
s7623,33444
s7624,33444
s7624,33444
s7624,33444
s7624,33444
s7628,33444
s7631,33444
s7632,33444
s7633,33444
s7633,33444
s7634,33444
s7635,33444
s7635,33444
s7636,33444
s7638,33444
s7641,33444
s7642,33444
s7643,33444
s7651,33444
s7652,33444
s7652,33444
s7654,33444
s7654,33444
s7654,33444
s7659,33444
s7660,33444
s7662,33444
s7662,33444
s7664,33444
s7666,33444
s7670,33444
s7671,33444
s7671,33444
s7671,33444
s7673,33444
s7676,33444
s7677,33444
s7678,33444
s7678,33444
s7679,33444
s7679,33444
s7679,33444
s7679,33444
s7679,33444
s7681,33444
s7682,33444
s7685,33444
s7686,33444
s7686,33444
s7686,33444
s7686,33444
s7691,33444
s7694,33444
s7695,33444
s7695,33444
s7695,33444
s7698,33444
s7699,33444
s7701,33444
s7702,33444
s7703,33444
s7704,33444
s7710,33444
s7711,33444
s7711,33444
s7711,33444
s7711,33444
s7712,33444
s7715,33444
s7718,33444
s7720,33444
s7723,33444
s7729,33444
s7731,33444
s7731,33444
s7735,33444
s7736,33444
s7738,33444
s7739,33444
s7742,33444
s7746,33444
s7747,33444
s7747,33444
s7750,33444
s7750,33444
s7751,33444
s7751,33444
s7753,33444
s7753,33444
s7756,33444
s7756,33444
s7758,33444
s7758,33444
s7758,33444
s7759,33444
s7759,33444
s7759,33444
s7761,33444
s7764,33444
s7764,33444
s7765,33444
s7765,33444
s7765,33444
s7765,33444
s7765,33444
s7766,33444
s7767,33444
s7767,33444
s7768,33444
s7771,33444
s7772,33444
s7772,33444
s7773,33444
s7773,33444
s7773,33444
s7778,33444
s7779,33444
s7783,33444
s7784,33444
s7784,33444
s7787,33444
s7788,33444
s7789,33444
s7790,33444
s7794,33444
s7794,33444
s7798,33444
s7798,33444
s7798,33444
s7801,33444
s7801,33444
s7803,33444
s7805,33444
s7809,33444
s7809,33444
s7811,33444
s7812,33444
s7812,33444
s7815,33444
s7815,33444
s7815,33444
s7817,33444
s7817,33444
s7820,33444
s7825,33444
s7827,33444
s7827,33444
s7827,33444
s7827,33444
s7827,33444
s7830,33444
s7832,33444
s7839,33444
s7839,33444
s7841,33444
s7842,33444
s7843,33444
s7845,33444
s7848,33444
s7849,33444
s7853,33444
s7854,33444
s7854,33444
s7855,33444
s7856,33444
s7857,33444
s7858,33444
s7858,33444
s7860,33444
s7861,33444
s7861,33444
s7861,33444
s7861,33444
s7862,33444
s7863,33444
s7864,33444
s7864,33444
s7864,33444
s7865,33444
s7866,33444
s7869,33444
s7872,33444
s7874,33444
s7878,33444
s7879,33444
s7881,33444
s7883,33444
s7886,33444
s7890,33444
s7891,33444
s7896,33444
s7898,33444
s7900,33444
s7900,33444
s7901,33444
s7902,33444
s7904,33444
s7904,33444
s7906,33444
s7906,33444
s7913,33444
s7913,33444
s7913,33444
s7913,33444
s7913,33444
s7916,33444
s7921,33444
s7924,33444
s7928,33444
s7929,33444
s7929,33444
s7933,33444
s7934,33444
s7935,33444
s7935,33444
s7937,33444
s7940,33444
s7940,33444
s7946,33444
s7947,33444
s7950,33444
s7950,33444
s7951,33444
s7952,33444
s7954,33444
s7955,33444
s7955,33444
s7956,33444
s7957,33444
s7957,33444
s7957,33444
s7958,33444
s7958,33444
s7959,33444
s7961,33444
s7962,33444
s7962,33444
s7962,33444
s7962,33444
s7963,33444
s7963,33444
s7965,33444
s7965,33444
s7965,33444
s7967,33444
s7968,33444
s7968,33444
s7969,33444
s7984,33444
s7987,33444
s7988,33444
s7988,33444
s7989,33444
s7990,33444
s7991,33444
s7991,33444
s7991,33444
s7994,33444
s7998,33444
s7998,33444
s7998,33444
s7998,33444
s7998,33444
s7999,33444
s7999,33444
s8000,33444
s8001,33444
s8001,33444
s8004,33444
s8006,33444
s8007,33444
s8008,33444
s8010,33444
s8010,33444
s8010,33444
s8011,33444
s8011,33444
s8013,33444
s8015,33444
s8018,33444
s8018,33444
s8018,33444
s8023,33444
s8023,33444
s8024,33444
s8025,33444
s8027,33444
s8028,33444
s8029,33444
s8030,33444
s8037,33444
s8038,33444
s8038,33444
s8039,33444
s8040,33444
s8043,33444
s8043,33444
s8043,33444
s8044,33444
s8050,33444
s8050,33444
s8051,33444
s8051,33444
s8051,33444
s8055,33444
s8055,33444
s8060,33444
s8061,33444
s8063,33444
s8063,33444
s8063,33444
s8063,33444
s8064,33444
s8064,33444
s8065,33444
s8065,33444
s8065,33444
s8065,33444
s8066,33444
s8066,33444
s8069,33444
s8069,33444
s8069,33444
s8071,33444
s8072,33444
s8073,33444
s8074,33444
s8076,33444
s8079,33444
s8080,33444
s8081,33444
s8083,33444
s8083,33444
s8083,33444
s8083,33444
s8084,33444
s8086,33444
s8086,33444
s8088,33444
s8088,33444
s8094,33444
s8094,33444
s8102,33444
s8102,33444
s8103,33444
s8106,33444
s8106,33444
s8106,33444
s8109,33444
s8111,33444
s8111,33444
s8111,33444
s8112,33444
s8113,33444
s8114,33444
s8116,33444
s8117,33444
s8117,33444
s8118,33444
s8119,33444
s8120,33444
s8120,33444
s8124,33444
s8126,33444
s8127,33444
s8128,33444
s8129,33444
s8131,33444
s8139,33444
s8140,33444
s8142,33444
s8143,33444
s8143,33444
s8143,33444
s8144,33444
s8147,33444
s8148,33444
s8148,33444
s8149,33444
s8149,33444
s8150,33444
s8151,33444
s8152,33444
s8152,33444
s8153,33444
s8158,33444
s8159,33444
s8160,33444
s8161,33444
s8162,33444
s8164,33444
s8165,33444
s8165,33444
s8166,33444
s8167,33444
s8167,33444
s8170,33444
s8175,33444
s8175,33444
s8178,33444
s8180,33444
s8181,33444
s8182,33444
s8183,33444
s8184,33444
s8184,33444
s8191,33444
s8194,33444
s8194,33444
s8195,33444
s8195,33444
s8197,33444
s8198,33444
s8198,33444
s8199,33444
s8201,33444
s8201,33444
s8202,33444
s8202,33444
s8204,33444
s8205,33444
s8207,33444
s8207,33444
s8212,33444
s8212,33444
s8213,33444
s8213,33444
s8214,33444
s8219,33444
s8220,33444
s8221,33444
s8222,33444
s8224,33444
s8225,33444
s8226,33444
s8226,33444
s8227,33444
s8227,33444
s8229,33444
s8229,33444
s8229,33444
s8231,33444
s8233,33444
s8233,33444
s8238,33444
s8242,33444
s8242,33444
s8242,33444
s8243,33444
s8243,33444
s8243,33444
s8244,33444
s8246,33444
s8247,33444
s8248,33444
s8252,33444
s8254,33444
s8255,33444
s8259,33444
s8260,33444
s8260,33444
s8260,33444
s8260,33444
s8261,33444
s8261,33444
s8266,33444
s8267,33444
s8270,33444
s8272,33444
s8273,33444
s8278,33444
s8280,33444
s8282,33444
s8283,33444
s8284,33444
s8287,33444
s8287,33444
s8289,33444
s8290,33444
s8292,33444
s8292,33444
s8294,33444
s8294,33444
s8294,33444
s8296,33444
s8297,33444
s8297,33444
s8301,33444
s8301,33444
s8303,33444
s8303,33444
s8304,33444
s8304,33444
s8304,33444
s8305,33444
s8307,33444
s8308,33444
s8308,33444
s8308,33444
s8310,33444
s8310,33444
s8311,33444
s8312,33444
s8313,33444
s8313,33444
s8313,33444
s8315,33444
s8316,33444
s8318,33444
s8318,33444
s8320,33444
s8320,33444
s8323,33444
s8325,33444
s8325,33444
s8325,33444
s8334,33444
s8335,33444
s8336,33444
s8337,33444
s8339,33444
s8339,33444
s8340,33444
s8342,33444
s8342,33444
s8342,33444
s8342,33444
s8345,33444
s8346,33444
s8346,33444
s8352,33444
s8352,33444
s8352,33444
s8353,33444
s8357,33444
s8357,33444
s8357,33444
s8358,33444
s8359,33444
s8360,33444
s8360,33444
s8361,33444
s8362,33444
s8362,33444
s8363,33444
s8366,33444
s8366,33444
s8367,33444
s8368,33444
s8368,33444
s8368,33444
s8368,33444
s8368,33444
s8370,33444
s8373,33444
s8376,33444
s8377,33444
s8377,33444
s8379,33444
s8379,33444
s8380,33444
s8380,33444
s8381,33444
s8382,33444
s8384,33444
s8385,33444
s8385,33444
s8387,33444
s8387,33444
s8387,33444
s8390,33444
s8390,33444
s8390,33444
s8394,33444
s8395,33444
s8395,33444
s8398,33444
s8399,33444
s8399,33444
s8402,33444
s8405,33444
s8406,33444
s8406,33444
s8411,33444
s8413,33444
s8414,33444
s8415,33444
s8416,33444
s8416,33444
s8416,33444
s8417,33444
s8417,33444
s8417,33444
s8419,33444
s8419,33444
s8421,33444
s8423,33444
s8423,33444
s8423,33444
s8425,33444
s8428,33444
s8431,33444
s8433,33444
s8434,33444
s8435,33444
s8438,33444
s8439,33444
s8443,33444
s8446,33444
s8446,33444
s8447,33444
s8448,33444
s8450,33444
s8452,33444
s8452,33444
s8452,33444
s8456,33444
s8456,33444
s8456,33444
s8458,33444
s8458,33444
s8459,33444
s8462,33444
s8464,33444
s8465,33444
s8466,33444
s8467,33444
s8467,33444
s8467,33444
s8468,33444
s8473,33444
s8483,33444
s8485,33444
s8487,33444
s8490,33444
s8491,33444
s8493,33444
s8493,33444
s8498,33444
s8502,33444
s8505,33444
s8506,33444
s8507,33444
s8507,33444
s8507,33444
s8508,33444
s8508,33444
s8508,33444
s8509,33444
s8511,33444
s8514,33444
s8514,33444
s8516,33444
s8516,33444
s8521,33444
s8521,33444
s8523,33444
s8523,33444
s8524,33444
s8526,33444
s8527,33444
s8532,33444
s8533,33444
s8533,33444
s8535,33444
s8536,33444
s8538,33444
s8538,33444
s8541,33444
s8547,33444
s8555,33444
s8555,33444
s8556,33444
s8556,33444
s8557,33444
s8558,33444
s8559,33444
s8561,33444
s8564,33444
s8564,33444
s8565,33444
s8567,33444
s8567,33444
s8568,33444
s8570,33444
s8570,33444
s8575,33444
s8576,33444
s8577,33444
s8581,33444
s8581,33444
s8583,33444
s8584,33444
s8584,33444
s8584,33444
s8585,33444
s8585,33444
s8585,33444
s8586,33444
s8587,33444
s8587,33444
s8588,33444
s8589,33444
s8590,33444
s8590,33444
s8590,33444
s8591,33444
s8593,33444
s8595,33444
s8595,33444
s8595,33444
s8595,33444
s8596,33444
s8596,33444
s8597,33444
s8599,33444
s8599,33444
s8600,33444
s8604,33444
s8611,33444
s8611,33444
s8612,33444
s8615,33444
s8615,33444
s8616,33444
s8618,33444
s8619,33444
s8624,33444
s8625,33444
s8625,33444
s8625,33444
s8625,33444
s8626,33444
s8627,33444
s8628,33444
s8629,33444
s8635,33444
s8637,33444
s8638,33444
s8638,33444
s8639,33444
s8639,33444
s8639,33444
s8640,33444
s8642,33444
s8642,33444
s8642,33444
s8643,33444
s8645,33444
s8645,33444
s8645,33444
s8645,33444
s8645,33444
s8647,33444
s8654,33444
s8655,33444
s8656,33444
s8658,33444
s8659,33444
s8660,33444
s8660,33444
s8665,33444
s8665,33444
s8668,33444
s8672,33444
s8675,33444
s8676,33444
s8676,33444
s8681,33444
s8681,33444
s8685,33444
s8687,33444
s8688,33444
s8690,33444
s8690,33444
s8690,33444
s8691,33444
s8691,33444
s8692,33444
s8694,33444
s8695,33444
s8695,33444
s8695,33444
s8697,33444
s8698,33444
s8705,33444
s8706,33444
s8706,33444
s8706,33444
s8706,33444
s8709,33444
s8709,33444
s8710,33444
s8711,33444
s8712,33444
s8712,33444
s8712,33444
s8712,33444
s8714,33444
s8715,33444
s8716,33444
s8717,33444
s8719,33444
s8720,33444
s8720,33444
s8720,33444
s8720,33444
s8720,33444
s8720,33444
s8722,33444
s8722,33444
s8725,33444
s8726,33444
s8727,33444
s8727,33444
s8727,33444
s8727,33444
s8730,33444
s8731,33444
s8733,33444
s8734,33444
s8736,33444
s8737,33444
s8743,33444
s8743,33444
s8746,33444
s8749,33444
s8751,33444
s8751,33444
s8751,33444
s8760,33444
s8761,33444
s8761,33444
s8761,33444
s8763,33444
s8765,33444
s8766,33444
s8766,33444
s8767,33444
s8768,33444
s8769,33444
s8769,33444
s8769,33444
s8773,33444
s8777,33444
s8783,33444
s8783,33444
s8783,33444
s8784,33444
s8785,33444
s8787,33444
s8788,33444
s8789,33444
s8790,33444
s8790,33444
s8791,33444
s8796,33444
s8796,33444
s8803,33444
s8803,33444
